Minggu,Asam Mefenamat,Amoxicillin,Naturoksi,Gentamicin Injeksi,Tramadol Injeksi,Nazovel Suppositoria,Ceftriaxone,Ringer Lactat,Aquabidest,Tranexamat Acid Injeksi,Ondansetron Injeksi,Sanmol Syrup,Natavit,Epexol Syrup,Apialys Syrup
12/26/2022,127,114,128,101,83,96,80,125,98,98,96,96,124,120,93
1/2/2023,133,128,117,122,96,90,127,94,109,80,87,81,122,91,94
1/9/2023,122,126,104,127,96,98,90,80,115,104,93,96,117,98,88
1/16/2023,121,123,106,95,83,91,101,89,95,106,108,83,91,94,103
1/23/2023,114,121,127,109,114,112,124,114,121,127,109,114,112,125,130
1/30/2023,123,116,127,133,123,121,128,123,116,127,133,123,121,125,118
2/6/2023,129,120,121,131,128,121,130,129,120,121,131,128,121,125,117
2/13/2023,118,109,118,130,123,122,125,118,109,118,130,123,122,119,113
2/20/2023,117,105,114,127,120,122,131,117,105,114,127,120,122,118,114
2/27/2023,116,104,111,122,106,123,121,116,104,111,122,106,123,112,120
3/6/2023,108,115,101,121,104,121,110,108,115,101,121,104,121,108,129
3/13/2023,113,126,99,127,112,116,107,113,126,99,127,112,116,112,122
3/20/2023,106,133,108,137,102,119,106,106,133,108,137,102,119,112,123
3/27/2023,108,139,110,131,106,116,116,108,139,110,131,106,116,117,123
4/3/2023,112,138,122,137,113,123,130,112,138,122,137,113,123,117,124
4/10/2023,115,131,120,139,114,124,130,115,131,120,139,114,124,124,130
4/17/2023,116,130,111,126,116,120,129,116,130,111,126,116,120,118,121
4/24/2023,117,129,110,122,113,111,110,117,129,110,122,113,111,111,127
5/1/2023,112,114,101,122,114,107,98,112,114,101,122,114,107,115,123
5/8/2023,122,119,108,116,110,120,103,122,119,108,116,110,120,118,117
5/15/2023,121,119,119,121,119,128,91,121,119,119,121,119,128,113,121
5/22/2023,126,114,124,126,123,131,99,126,114,124,126,123,131,120,108
5/29/2023,128,121,133,114,117,134,107,128,121,133,114,117,134,126,102
6/5/2023,119,122,135,107,117,116,102,119,122,135,107,117,116,111,99
6/12/2023,132,126,125,118,108,118,110,132,126,125,118,108,118,119,102
6/19/2023,119,126,118,119,118,127,119,119,126,118,119,118,127,112,109
6/26/2023,118,134,112,133,118,134,117,118,134,112,133,118,134,109,109
7/3/2023,129,126,110,139,122,138,118,129,126,110,139,122,138,119,113
7/10/2023,118,118,118,129,129,135,115,118,118,118,129,129,135,125,113
7/17/2023,135,124,127,124,123,136,120,135,124,127,124,123,136,125,113
7/24/2023,132,118,135,129,129,126,117,132,118,135,129,129,126,121,116
7/31/2023,126,123,134,131,128,120,117,126,123,134,131,128,120,131,110
8/7/2023,133,123,135,131,133,118,119,133,123,135,131,133,118,122,112
8/14/2023,124,122,127,143,134,115,111,124,122,127,143,134,115,130,117
8/21/2023,132,123,112,134,127,115,116,132,123,112,134,127,115,134,115
8/28/2023,124,118,121,134,127,116,116,124,118,121,134,127,116,135,123
9/4/2023,121,115,111,132,116,115,115,121,115,111,132,116,115,142,124
9/11/2023,114,112,113,111,118,112,111,114,112,113,111,118,112,132,127
9/18/2023,109,110,119,114,119,113,110,109,110,119,114,119,113,133,133
9/25/2023,115,105,110,106,124,113,113,115,105,110,106,124,113,127,133
10/2/2023,122,106,107,107,121,111,119,122,106,107,107,121,111,124,132
10/9/2023,121,109,91,118,107,118,116,121,109,91,118,107,118,128,126
10/16/2023,122,106,87,124,99,119,124,122,106,87,124,99,119,117,130
10/23/2023,119,107,87,132,86,133,122,119,107,87,132,86,133,110,131
10/30/2023,111,114,94,126,81,136,119,111,114,94,126,81,136,116,127
11/6/2023,120,105,102,126,87,130,126,120,105,102,126,87,130,122,122
11/13/2023,109,117,107,122,95,129,107,109,117,107,122,95,129,135,116
11/20/2023,106,116,120,118,99,120,110,106,116,120,118,99,120,138,116
11/27/2023,104,109,122,124,107,111,118,104,109,122,124,107,111,139,119
12/4/2023,93,113,130,124,111,120,118,93,113,130,124,111,120,138,118
12/11/2023,105,100,138,111,123,128,119,105,100,138,111,123,128,128,119
12/18/2023,113,104,124,106,139,124,116,113,104,124,106,139,124,128,126
12/25/2023,104,111,125,95,145,132,109,104,111,125,95,145,132,115,120
1/1/2024,106,119,116,98,152,117,108,106,119,116,98,152,117,118,126
1/8/2024,105,118,106,113,146,108,120,105,118,106,113,146,108,113,129
1/15/2024,101,120,110,116,133,115,124,101,120,110,116,133,115,118,116
1/22/2024,113,107,114,117,136,114,119,113,107,114,117,136,114,122,125
1/29/2024,116,106,119,112,134,118,119,116,106,119,112,134,118,115,126
2/5/2024,116,118,120,105,132,107,123,116,118,120,105,132,107,131,115
2/12/2024,109,119,118,108,123,106,116,109,119,118,108,123,106,126,117
2/19/2024,108,120,111,120,121,115,122,108,120,111,120,121,115,134,114
2/26/2024,103,123,110,124,116,114,135,103,123,110,124,116,114,137,113
3/4/2024,97,124,117,129,123,119,128,97,124,117,129,123,119,133,123
3/11/2024,106,120,114,120,133,113,126,106,120,114,120,133,113,128,122
3/18/2024,106,133,114,112,133,105,125,106,133,114,112,133,105,126,115
3/25/2024,108,129,116,107,135,113,113,108,129,116,107,135,113,126,113
4/1/2024,107,131,112,108,126,125,124,107,131,112,108,126,125,125,103
4/8/2024,107,134,113,120,123,133,123,107,134,113,120,123,133,122,106
4/15/2024,108,132,120,123,114,138,128,108,132,120,123,114,138,117,114
4/22/2024,109,125,122,124,102,128,124,109,125,122,124,102,128,120,116
4/29/2024,115,123,112,116,108,122,118,115,123,112,116,108,122,110,129
5/6/2024,113,133,111,120,107,119,127,113,133,111,120,107,119,120,128
5/13/2024,117,118,105,130,107,111,120,117,118,105,130,107,111,122,124
5/20/2024,126,120,104,131,115,116,116,126,120,104,131,115,116,119,117
5/27/2024,130,108,119,141,116,116,110,130,108,119,141,116,116,127,110
6/3/2024,136,96,122,134,123,115,117,136,96,122,134,123,115,124,115
6/10/2024,126,98,122,131,124,112,114,126,98,122,131,124,112,123,118
6/17/2024,130,103,127,125,121,113,106,130,103,127,125,121,113,126,122
6/24/2024,130,107,119,114,126,117,106,130,107,119,114,126,117,133,126
7/1/2024,128,108,120,118,121,117,95,128,108,120,118,121,117,136,117
7/8/2024,141,125,118,117,127,118,101,141,125,118,117,127,118,141,114
7/15/2024,138,126,110,117,127,116,120,138,126,110,117,127,116,134,116
7/22/2024,134,134,115,115,120,104,117,134,134,115,115,120,104,120,114
7/29/2024,135,135,119,112,118,115,124,135,135,119,112,118,115,119,120
8/5/2024,124,126,122,112,113,129,131,124,126,122,112,113,129,108,122
8/12/2024,109,125,124,124,120,127,129,109,125,124,124,120,127,113,122
8/19/2024,113,124,127,132,111,134,135,113,124,127,132,111,134,120,119
8/26/2024,118,113,123,126,113,120,133,118,113,123,126,113,120,118,118
9/2/2024,117,117,122,119,120,118,128,117,117,122,119,120,118,126,121
9/9/2024,125,111,122,116,119,124,133,125,111,122,116,119,124,125,128
9/16/2024,125,103,112,115,123,134,129,125,103,112,115,123,134,122,124
9/23/2024,113,107,114,120,125,132,127,113,107,114,120,125,132,123,120
9/30/2024,127,110,114,124,125,128,121,127,110,114,124,125,128,119,107
10/7/2024,120,115,112,122,127,121,105,120,115,112,122,127,121,116,100
10/14/2024,116,109,122,122,127,115,103,116,109,122,122,127,115,117,107
10/21/2024,110,117,131,126,126,124,107,110,117,131,126,126,124,115,122
10/28/2024,112,112,139,127,117,113,108,112,112,139,127,117,113,119,131
11/4/2024,127,103,142,121,109,114,115,127,103,142,121,109,114,124,138
11/11/2024,123,120,140,121,110,110,114,123,120,140,121,110,110,125,140
11/18/2024,131,113,132,112,112,109,112,131,113,132,112,112,109,123,127
11/25/2024,122,119,134,118,120,114,120,122,119,134,118,120,114,122,126
12/2/2024,108,125,141,116,125,117,118,108,125,141,116,125,117,128,116
12/9/2024,119,112,136,119,127,128,130,119,112,136,119,127,128,133,111
12/16/2024,120,116,140,116,119,130,132,120,116,140,116,119,130,136,116
12/23/2024,122,119,127,105,110,136,126,122,119,127,105,110,136,147,122
12/30/2024,106,100,93,91,93,114,109,106,100,93,91,93,114,113,111
