Minggu,Afolat,Asam Mefenamat,Amoxicillin,Naturoksi,Gentamicin Injeksi,Tramadol Injeksi,Nazovel Suppositoria,Ceftriaxone,Ringer Lactat,Aquabidest,Tranexamat Acid Injeksi,Ondansetron Injeksi,Sanmol Syrup,Natavit,Epexol Syrup,Apialys Syrup
26/12/2022,11,25,15,28,7,23,26,11,25,15,28,7,23,26,13,21
02/01/2023,70,54,69,80,37,71,60,70,54,69,80,37,71,60,71,74
09/01/2023,90,80,75,104,63,76,78,90,80,75,104,63,76,78,88,88
16/01/2023,101,89,95,106,78,83,91,101,89,95,106,78,83,91,94,103
23/01/2023,124,114,121,127,109,114,112,124,114,121,127,109,114,112,125,130
30/01/2023,128,123,116,127,133,123,121,128,123,116,127,133,123,121,125,118
06/02/2023,130,129,120,121,131,128,121,130,129,120,121,131,128,121,125,117
13/02/2023,125,118,109,118,130,123,122,125,118,109,118,130,123,122,119,113
20/02/2023,131,117,105,114,127,120,122,131,117,105,114,127,120,122,118,114
27/02/2023,121,116,104,111,122,106,123,121,116,104,111,122,106,123,112,120
06/03/2023,110,108,115,101,121,104,121,110,108,115,101,121,104,121,108,129
13/03/2023,107,113,126,99,127,112,116,107,113,126,99,127,112,116,112,122
20/03/2023,106,106,133,108,137,102,119,106,106,133,108,137,102,119,112,123
27/03/2023,116,108,139,110,131,106,116,116,108,139,110,131,106,116,117,123
03/04/2023,130,112,138,122,137,113,123,130,112,138,122,137,113,123,117,124
10/04/2023,130,115,131,120,139,114,124,130,115,131,120,139,114,124,124,130
17/04/2023,129,116,130,111,126,116,120,129,116,130,111,126,116,120,118,121
24/04/2023,110,117,129,110,122,113,111,110,117,129,110,122,113,111,111,127
01/05/2023,98,112,114,101,122,114,107,98,112,114,101,122,114,107,115,123
08/05/2023,103,122,119,108,116,110,120,103,122,119,108,116,110,120,118,117
15/05/2023,91,121,119,119,121,119,128,91,121,119,119,121,119,128,113,121
22/05/2023,99,126,114,124,126,123,131,99,126,114,124,126,123,131,120,108
29/05/2023,107,128,121,133,114,117,134,107,128,121,133,114,117,134,126,102
05/06/2023,102,119,122,135,107,117,116,102,119,122,135,107,117,116,111,99
12/06/2023,110,132,126,125,118,108,118,110,132,126,125,118,108,118,119,102
19/06/2023,119,119,126,118,119,118,127,119,119,126,118,119,118,127,112,109
26/06/2023,117,118,134,112,133,118,134,117,118,134,112,133,118,134,109,109
03/07/2023,118,129,126,110,139,122,138,118,129,126,110,139,122,138,119,113
10/07/2023,115,118,118,118,129,129,135,115,118,118,118,129,129,135,125,113
17/07/2023,120,135,124,127,124,123,136,120,135,124,127,124,123,136,125,113
24/07/2023,117,132,118,135,129,129,126,117,132,118,135,129,129,126,121,116
31/07/2023,117,126,123,134,131,128,120,117,126,123,134,131,128,120,131,110
07/08/2023,119,133,123,135,131,133,118,119,133,123,135,131,133,118,122,112
14/08/2023,111,124,122,127,143,134,115,111,124,122,127,143,134,115,130,117
21/08/2023,116,132,123,112,134,127,115,116,132,123,112,134,127,115,134,115
28/08/2023,116,124,118,121,134,127,116,116,124,118,121,134,127,116,135,123
04/09/2023,115,121,115,111,132,116,115,115,121,115,111,132,116,115,142,124
11/09/2023,111,114,112,113,111,118,112,111,114,112,113,111,118,112,132,127
18/09/2023,110,109,110,119,114,119,113,110,109,110,119,114,119,113,133,133
25/09/2023,113,115,105,110,106,124,113,113,115,105,110,106,124,113,127,133
02/10/2023,119,122,106,107,107,121,111,119,122,106,107,107,121,111,124,132
09/10/2023,116,121,109,91,118,107,118,116,121,109,91,118,107,118,128,126
16/10/2023,124,122,106,87,124,99,119,124,122,106,87,124,99,119,117,130
23/10/2023,122,119,107,87,132,86,133,122,119,107,87,132,86,133,110,131
30/10/2023,119,111,114,94,126,81,136,119,111,114,94,126,81,136,116,127
06/11/2023,126,120,105,102,126,87,130,126,120,105,102,126,87,130,122,122
13/11/2023,107,109,117,107,122,95,129,107,109,117,107,122,95,129,135,116
20/11/2023,110,106,116,120,118,99,120,110,106,116,120,118,99,120,138,116
27/11/2023,118,104,109,122,124,107,111,118,104,109,122,124,107,111,139,119
04/12/2023,118,93,113,130,124,111,120,118,93,113,130,124,111,120,138,118
11/12/2023,119,105,100,138,111,123,128,119,105,100,138,111,123,128,128,119
18/12/2023,116,113,104,124,106,139,124,116,113,104,124,106,139,124,128,126
25/12/2023,109,104,111,125,95,145,132,109,104,111,125,95,145,132,115,120
01/01/2024,108,106,119,116,98,152,117,108,106,119,116,98,152,117,118,126
08/01/2024,120,105,118,106,113,146,108,120,105,118,106,113,146,108,113,129
15/01/2024,124,101,120,110,116,133,115,124,101,120,110,116,133,115,118,116
22/01/2024,119,113,107,114,117,136,114,119,113,107,114,117,136,114,122,125
29/01/2024,119,116,106,119,112,134,118,119,116,106,119,112,134,118,115,126
05/02/2024,123,116,118,120,105,132,107,123,116,118,120,105,132,107,131,115
12/02/2024,116,109,119,118,108,123,106,116,109,119,118,108,123,106,126,117
19/02/2024,122,108,120,111,120,121,115,122,108,120,111,120,121,115,134,114
26/02/2024,135,103,123,110,124,116,114,135,103,123,110,124,116,114,137,113
04/03/2024,128,97,124,117,129,123,119,128,97,124,117,129,123,119,133,123
11/03/2024,126,106,120,114,120,133,113,126,106,120,114,120,133,113,128,122
18/03/2024,125,106,133,114,112,133,105,125,106,133,114,112,133,105,126,115
25/03/2024,113,108,129,116,107,135,113,113,108,129,116,107,135,113,126,113
01/04/2024,124,107,131,112,108,126,125,124,107,131,112,108,126,125,125,103
08/04/2024,123,107,134,113,120,123,133,123,107,134,113,120,123,133,122,106
15/04/2024,128,108,132,120,123,114,138,128,108,132,120,123,114,138,117,114
22/04/2024,124,109,125,122,124,102,128,124,109,125,122,124,102,128,120,116
29/04/2024,118,115,123,112,116,108,122,118,115,123,112,116,108,122,110,129
06/05/2024,127,113,133,111,120,107,119,127,113,133,111,120,107,119,120,128
13/05/2024,120,117,118,105,130,107,111,120,117,118,105,130,107,111,122,124
20/05/2024,116,126,120,104,131,115,116,116,126,120,104,131,115,116,119,117
27/05/2024,110,130,108,119,141,116,116,110,130,108,119,141,116,116,127,110
03/06/2024,117,136,96,122,134,123,115,117,136,96,122,134,123,115,124,115
10/06/2024,114,126,98,122,131,124,112,114,126,98,122,131,124,112,123,118
17/06/2024,106,130,103,127,125,121,113,106,130,103,127,125,121,113,126,122
24/06/2024,106,130,107,119,114,126,117,106,130,107,119,114,126,117,133,126
01/07/2024,95,128,108,120,118,121,117,95,128,108,120,118,121,117,136,117
08/07/2024,101,141,125,118,117,127,118,101,141,125,118,117,127,118,141,114
15/07/2024,120,138,126,110,117,127,116,120,138,126,110,117,127,116,134,116
22/07/2024,117,134,134,115,115,120,104,117,134,134,115,115,120,104,120,114
29/07/2024,124,135,135,119,112,118,115,124,135,135,119,112,118,115,119,120
05/08/2024,131,124,126,122,112,113,129,131,124,126,122,112,113,129,108,122
12/08/2024,129,109,125,124,124,120,127,129,109,125,124,124,120,127,113,122
19/08/2024,135,113,124,127,132,111,134,135,113,124,127,132,111,134,120,119
26/08/2024,133,118,113,123,126,113,120,133,118,113,123,126,113,120,118,118
02/09/2024,128,117,117,122,119,120,118,128,117,117,122,119,120,118,126,121
09/09/2024,133,125,111,122,116,119,124,133,125,111,122,116,119,124,125,128
16/09/2024,129,125,103,112,115,123,134,129,125,103,112,115,123,134,122,124
23/09/2024,127,113,107,114,120,125,132,127,113,107,114,120,125,132,123,120
30/09/2024,121,127,110,114,124,125,128,121,127,110,114,124,125,128,119,107
07/10/2024,105,120,115,112,122,127,121,105,120,115,112,122,127,121,116,100
14/10/2024,103,116,109,122,122,127,115,103,116,109,122,122,127,115,117,107
21/10/2024,107,110,117,131,126,126,124,107,110,117,131,126,126,124,115,122
28/10/2024,108,112,112,139,127,117,113,108,112,112,139,127,117,113,119,131
04/11/2024,115,127,103,142,121,109,114,115,127,103,142,121,109,114,124,138
11/11/2024,114,123,120,140,121,110,110,114,123,120,140,121,110,110,125,140
18/11/2024,112,131,113,132,112,112,109,112,131,113,132,112,112,109,123,127
25/11/2024,120,122,119,134,118,120,114,120,122,119,134,118,120,114,122,126
02/12/2024,118,108,125,141,116,125,117,118,108,125,141,116,125,117,128,116
09/12/2024,130,119,112,136,119,127,128,130,119,112,136,119,127,128,133,111
16/12/2024,132,120,116,140,116,119,130,132,120,116,140,116,119,130,136,116
23/12/2024,126,122,119,127,105,110,136,126,122,119,127,105,110,136,147,122
30/12/2024,109,106,100,93,91,93,114,109,106,100,93,91,93,114,113,111
